Data,Real,Holt-Winters,SARIMAX,Random Forest,MLP Regressor (Rede Neural)
2015-12-28,117091,111090.52232889718,111208.32096673867,114981.89868598088,114187.02838611466
2015-12-29,123868,111542.84770201921,112130.16506154535,112241.4597232327,109650.58340158907
2015-12-30,126998,116179.50954755134,119307.6980151802,114809.21772410805,107971.77077851942
2015-12-31,147323,113791.4321686166,118555.04255950204,113305.94724908112,111626.63780136197
2016-01-01,56188,125188.54952292283,125708.37208730428,112918.00260147324,84387.68554056881
2016-01-02,78078,113394.28032019394,110122.83369986739,101810.85128486491,89910.67499521535
2016-01-03,87192,104822.80819585522,103824.10064818952,100257.06578323086,93330.83454881785
2016-01-04,75564,99871.84826281719,99292.55159843725,101831.15635241348,87816.41912818975
2016-01-05,77688,94725.78970435995,94424.65529765164,96980.52881455712,78631.32928924609
2016-01-06,85908,93614.676753138,92766.18458165099,97247.29541936098,78198.84955145759
2016-01-07,95671,88604.68126966382,91383.31162805659,94504.08769215648,74430.60153918396
2016-01-08,78772,90527.0494467406,90779.79381075986,87471.39145606509,87418.88651760248
2016-01-09,70062,91243.55542529529,91021.41389912095,87787.85605943309,84542.97898757292
2016-01-10,113958,86158.79745555099,84919.26662675473,80470.94501364791,79266.54533586594
2016-01-11,88221,89718.39192349892,90022.18521825763,82099.30769350368,75709.65271629902
2016-01-12,65640,89296.35350803596,88347.40777707659,82470.50826665125,74716.6009929681
2016-01-13,47371,87300.12181609229,84427.20019748178,81372.0387029166,78104.57967208294
2016-01-14,93438,76679.80085411023,79602.40526094587,75838.03326917152,73060.33662373523
2016-01-15,91853,79679.39337659173,80875.02375689038,80753.51686769027,70855.92472158917
2016-01-16,93186,84627.70856023698,86420.75145971296,83321.0340307498,68519.72691432587
2016-01-17,59514,87378.65537455381,83660.8747792564,87506.43356265513,68453.47540676396
2016-01-18,78002,78919.86414403336,76800.12984092349,77803.94966317661,70857.99845896136
2016-01-19,69691,77669.49944689844,78491.23628227937,78576.30986682897,70083.34300181878
2016-01-20,101390,78017.37734672174,77910.31413238014,78727.13181701551,72199.08530705768
2016-01-21,89607,82056.47998018582,83574.64050094796,81681.12351438407,73055.45089496092
2016-01-22,80519,83079.14224785361,85342.28071641314,82047.06502654718,69430.09875598317
2016-01-23,52958,85021.97759012807,85190.82918389377,82693.16967068255,70027.61865364503
2016-01-24,104157,78363.69244247976,76206.143498526,77011.66701592313,66295.36609412088
2016-01-25,97597,81435.26882235432,80191.30165241398,81163.4353581954,69175.1177906776
2016-01-26,96975,83191.34694681304,85097.22495686643,82229.10776058325,67924.03004954463
2016-01-27,77967,89082.41056370547,88423.78151158516,83002.41543105524,65356.92472956852
2016-01-28,108326,85774.0682006496,86547.63987596786,81562.52673185455,76506.93061642129
2016-01-29,84954,89271.44218082247,91205.05304827166,82707.65930646188,76003.26406383413
2016-01-30,76018,89621.86521271028,92341.46620123855,87082.34795022837,74681.15839283439
2016-01-31,76600,88992.6023794612,85078.9494413618,83655.52230904516,73440.81707101157
2016-02-01,101563,83860.71711147574,82423.32785480269,76459.92699696173,87313.39923227651
2016-02-02,98715,86139.02759933064,86316.00781949496,80789.11603309847,84224.27573860045
2016-02-03,104019,90739.51262587403,89919.50007762773,81688.97842519212,86357.06337098707
2016-02-04,63187,93582.2890225845,95787.81834329841,83916.29348394694,84381.00552064953
2016-02-05,94958,85690.16062547323,86972.27235335931,79405.01549676136,82829.99674842405
2016-02-06,87859,88276.15670719156,90438.9436804607,84982.31965096395,90535.06471829933
2016-02-07,113959,90250.87424362873,88959.79912097189,83436.9795963216,86917.29983938186
2016-02-08,97169,93770.25253854309,90945.31626048405,84780.9180019106,82233.70431531903
2016-02-09,62919,92754.37148264631,91938.4534439219,84968.23657363985,81793.72862353978
2016-02-10,79028,89175.09180053709,87549.78455798652,81125.80888276763,78020.34918225204
2016-02-11,78305,85629.43666633678,86908.14798094942,84461.42046685681,89432.98848960835
2016-02-12,76152,83886.61243248334,85619.77516154386,84123.83678233145,87993.96338404882
2016-02-13,94768,82770.35344162442,83781.18598138093,83516.23895541282,84189.77363190867
2016-02-14,99718,88172.18623805283,85828.25581586969,86755.8995551419,84144.12608264745
2016-02-15,91221,88475.28511363457,84989.97425228696,84359.91920393067,75051.73658275609
2016-02-16,59601,85922.41965860101,88573.01553054574,85113.30280724219,79078.96041168638
2016-02-17,100666,83858.9822961576,82347.0840340276,81784.26307910823,78651.85721717651
2016-02-18,100749,85661.02608974876,89042.64154914596,85696.24651681767,87224.59270639208
2016-02-19,80460,88230.84849543383,92143.61165429662,84607.11045237524,83277.92390529145
2016-02-20,142519,87945.08352384363,87938.02114058736,84315.56868989488,81375.468884715
2016-02-21,76082,101569.28829694445,100545.70621712407,89025.81059491435,86459.64886799097
2016-02-22,68509,94330.32874652,90488.03847179192,85196.32313293537,80717.35007707725
2016-02-23,81399,85013.98575137387,89336.532683235,84858.34342343602,80469.84761972542
2016-02-24,91441,89176.39177128048,85726.28920907935,86278.18428752612,87051.90789712055
2016-02-25,38018,88080.56767276826,89002.99531852218,86273.33107639635,87906.04371740166
2016-02-26,78788,77076.80282300404,79065.85297095633,75235.13151066373,79136.21920361591
2016-02-27,75114,81272.62780706293,78486.22502369483,85904.78494122672,79538.41930329407
2016-02-28,107304,79742.66074921913,77750.45195213298,78089.83537370274,79473.37553197825
2016-02-29,0,82758.221934722,83253.6834539212,81482.63621817989,75357.91586389954
2016-03-01,185697,63363.040526623525,64011.8014107028,44650.73436175545,40025.331068897955
2016-03-02,87224,91005.15195043219,91532.98341375947,78263.2797866933,53853.060530754716
2016-03-03,69512,86613.89491939498,90912.82726380041,82105.62778487365,49506.897307915366
2016-03-04,67326,84553.90445919908,87421.9390700678,83393.50367348289,45876.053469881335
2016-03-05,68146,85125.58958149112,82688.16406305796,80472.43853692952,48139.739169644155
2016-03-06,77164,83353.43026220547,78858.37968245613,80565.07198914773,47851.57808659771
2016-03-07,76590,75337.04635368688,77676.22752167599,78348.17591765843,66993.63660628561
2016-03-08,68660,80834.11833097618,76454.72597687208,83985.67966690827,62738.013624735606
2016-03-09,92115,78570.01751524796,76624.29240869355,80239.05069543917,79181.22124492824
2016-03-10,71830,76557.21786823109,80801.2446404988,81347.75323680516,83879.40188013227
2016-03-11,86859,76595.55902375677,79340.71354680952,79867.88637980993,81867.96095065234
2016-03-12,123857,81851.34216999696,82741.05591076282,82507.0952359988,86463.85899151664
2016-03-13,97582,90565.94835861439,85513.29669382832,84308.33766832156,82157.45894145899
2016-03-14,71616,85111.2747657099,90341.96287996908,82883.97985016173,72952.50809887119
2016-03-15,56107,87529.63664417836,84355.18629217452,83065.57194869353,78232.48093647696
2016-03-16,60864,83087.99816018292,82582.34031094273,82904.87847218977,77301.54328032341
2016-03-17,76782,74216.7319936309,76132.62224385273,81983.60001359688,76506.617945434
2016-03-18,94462,76132.8596883983,78158.15524719733,83731.15599003447,78694.844818346
2016-03-19,82553,84110.89069542484,80306.65286381543,85281.6797114205,83004.02945562883
2016-03-20,70496,83930.39244822967,82305.72588642265,81426.18938202671,79389.37484614237
2016-03-21,78145,74126.09715917318,76453.8399906864,80146.75191799518,71797.52724756829
2016-03-22,70112,78758.80716105396,76318.39647811436,80219.60187168398,74691.60170551883
2016-03-23,123578,78580.59148107257,77078.87604598599,81667.62616586513,81415.15823005172
2016-03-24,102253,82192.09731757126,86984.9201326473,84483.14061181399,80628.11934667735
2016-03-25,77454,87753.45798487614,90719.3219196445,81887.41360541998,79531.09956837438
2016-03-26,61339,90018.15365402287,87582.9763341177,86134.81646986527,79779.52022511612
2016-03-27,98891,84721.52806515692,82567.5423169624,81140.45491442695,81497.46335963809
2016-03-28,84836,80352.77357198777,82819.15220114139,82471.72123965461,78698.11058047702
2016-03-29,53779,85086.90607886127,83176.59866891825,82357.73669089285,77669.9842761381
2016-03-30,79169,82873.50005899332,79709.07241527663,81533.76282051986,85927.82065334897
2016-03-31,93665,77144.28144523042,80230.69706567853,78890.09733554767,79730.9294693014
2016-04-01,84771,80811.54930550692,83948.78032508412,82377.70941493403,99394.27020929071
2016-04-02,113092,84717.94419858788,82294.89004015553,81290.86503729668,90939.87023786402
2016-04-03,98518,90944.17751144117,88158.99667002479,85496.74209144273,92407.78849118442
2016-04-04,90313,85041.87626518986,87327.66128086357,80979.5004501633,80623.07889335483
2016-04-05,40049,87848.845467241,90095.75542730272,83363.45026772236,88346.16207317775
2016-04-06,129786,84448.94171566125,80166.08838344608,78840.55787056083,78033.64638137937
2016-04-07,99368,87917.6562997224,91983.56940146479,84306.1989126936,95022.33706832693
2016-04-08,69432,90188.3013411953,91189.66609039913,82149.94531167536,83001.95133225052
2016-04-09,93932,90932.20414404219,88441.8056419989,84881.72241321295,84394.90528856318
2016-04-10,71796,91959.4700020827,88140.65427356129,85156.8566420151,88160.06633359034
2016-04-11,83805,81243.81672649355,83118.56044305906,82201.11357096367,80697.08132300453
2016-04-12,93637,81331.1778738306,85088.63504344561,83717.89936724197,84654.64374318272
2016-04-13,66781,92113.52633691579,87055.11824584994,84450.14494138643,88005.6354670288
2016-04-14,89599,82126.05394024722,83598.84623579869,82507.11551169734,88273.24753461861
2016-04-15,105352,82349.69444004,87357.86903792663,84110.75195875151,90913.56922730824
2016-04-16,75860,91543.71737370572,88750.9439152335,87650.15568714618,98779.73476599337
2016-04-17,77653,88408.86235900223,87888.22222991475,83347.99806772725,84509.88666979145
2016-04-18,100141,80259.7568554926,82328.77741105683,84787.92318786723,82352.51868961495
2016-04-19,127002,84048.7768878629,81860.38746876335,83926.38247944423,81434.16255049533
2016-04-20,97676,98154.8851677442,95358.57864798342,82904.09900121248,84384.7765822331
2016-04-21,62173,93788.86726159044,95274.96930654849,83417.177313354,85400.89926416139
2016-04-22,108185,88028.40274727652,92724.33863592122,81435.406109958,84737.00866009384
2016-04-23,104391,95092.01942076624,92756.49684833825,86864.33985664781,99928.1971474966
2016-04-24,117791,96413.97278432932,96381.29925006039,85112.92715773445,92518.53634798188
2016-04-25,79789,95031.49940943271,95954.82622995033,85230.16512816759,82638.56400986624
2016-04-26,108639,93503.6216518155,93379.46834467203,82547.8996223091,87858.71039484264
2016-04-27,96629,101301.7262150456,97199.66518138986,85469.6549229509,87309.61394996788
2016-04-28,110923,94897.4376314715,98085.56531695306,85930.15482284008,93033.41073005678
2016-04-29,73685,99439.66464386141,103965.48560959287,88404.19559912801,96168.63470394653
2016-04-30,86096,98236.2220852396,97710.37688438313,86288.4603642868,97298.47143838747
2016-05-01,145698,96427.60221164953,95518.31559064268,86206.05096341172,107794.09593720308
2016-05-02,71773,98228.32454698869,98095.53169143996,93198.11641481893,97399.0243212997
2016-05-03,136691,96087.27362054195,99422.64860155569,88889.18248315765,92892.65777308459
2016-05-04,121547,107371.88315485878,102994.63105203949,95330.79054222051,92895.12535411502
2016-05-05,139842,105052.73196968908,109011.34344221329,95209.05013261002,89908.21323420962
2016-05-06,95317,111006.45107687515,112887.60102136324,101204.85561638637,91768.42798053424
2016-05-07,111901,112093.58135405925,112989.78175969934,101739.00169876445,106554.2968991077
2016-05-08,85336,114929.94832759444,108774.26620753597,99655.26003766178,107358.21734393082
2016-05-09,94732,100100.53441100084,105279.3988479858,92625.72309920128,105386.4668263382
2016-05-10,79297,104398.54612915672,100771.05824721088,94009.94334139061,103699.11659851696
2016-05-11,107426,103388.34929016374,100025.70088639678,90045.19242652714,99931.05079606915
2016-05-12,110965,100223.25170730968,100893.66288640012,91497.36616362358,97833.38659721598
2016-05-13,84392,99940.31108171746,102815.59859837926,88803.20037590378,99269.98021717307
2016-05-14,112412,101711.04551038284,101678.61645771288,92537.966933189,101922.80080652038
2016-05-15,129729,105147.87077795665,100380.15780385069,92870.67712117094,96758.87481035203
2016-05-16,122856,100559.35304740521,103923.42405916059,100315.77360295666,92316.34284916453
2016-05-17,90484,108720.52766270211,108628.33609371843,105385.39479003321,96567.64797057022
2016-05-18,75844,110117.66772589688,108151.55061173895,104416.45131118398,96813.7954824155
2016-05-19,101822,100724.99990608453,99315.7655505546,100201.15588345831,94149.331264944
2016-05-20,129768,97683.43930307194,103829.93978108326,96406.46538577898,89937.81870478007
2016-05-21,119016,108669.03836611772,105592.83580883718,106397.79209558605,98016.58331448131
2016-05-22,92799,112636.48202913525,110409.71988852226,102386.82962021565,100796.85293333002
2016-05-23,106788,100399.56344826076,101761.67528940525,100112.91151136644,94543.76062183971
2016-05-24,140624,104131.08409383803,104310.23256332119,98858.79970148158,91452.9823153114
2016-05-25,81671,114149.623089255,111088.65770240685,105837.8699233573,95584.16599036474
2016-05-26,73669,106567.63359051508,109369.66517930717,103738.60238513364,95205.28592239748
2016-05-27,85175,99065.77296886727,100386.59775480539,98472.68717542266,94082.2250765778
2016-05-28,110228,101310.32391271101,100649.2575199579,98488.99439187215,92337.15584941256
2016-05-29,102608,103750.01527689464,99137.9897018553,97311.33685745811,93036.89253766045
2016-05-30,98920,95807.60873221519,95761.25077916739,97277.83769753364,87412.0322405769
2016-05-31,105013,100263.57182640076,103514.62854884804,98254.34004136173,88774.24764172272
2016-06-01,113226,101950.00624747714,97706.62864825642,97563.82412296826,93852.96338628745
2016-06-02,64268,101788.42424178582,102980.49468191316,100122.769902055,99911.67085363883
2016-06-03,137164,94309.91173844597,97937.11220676369,98352.63440316498,96810.6880353757
2016-06-04,114096,107171.91025641566,104747.27527866518,104419.6935300168,106542.36915737728
2016-06-05,107446,108844.51020718117,104964.3513730338,106881.46709098795,105392.42187784615
2016-06-06,163849,101039.58452087015,104083.44640755144,102439.24489498531,95970.43269957049
2016-06-07,153534,115713.72073774469,112839.48933210572,104985.23122714255,100748.12864536812
2016-06-08,135380,123299.99725058523,125898.11695361884,107264.38525025487,105618.78473538032
2016-06-09,101169,121198.12103409496,124623.09090235055,109765.22986373032,106527.82894468692
2016-06-10,91470,120114.19906979447,124207.47733534261,103945.49245741518,108335.7681678598
2016-06-11,163098,119292.16059938801,117497.51289831032,107285.730945038,113790.75761542423
2016-06-12,62875,126880.41399394385,125983.00748756873,105188.94561873736,115694.56856909301
2016-06-13,106521,111165.26739822357,111605.05274880235,105042.05007871515,108552.15237120244
2016-06-14,162429,113308.63736902467,109651.31047110874,107417.64527893972,103180.48190995268
2016-06-15,133360,121720.31628502671,120708.38352913059,109705.34967250896,110418.55365221636
2016-06-16,94036,118176.88979471661,125318.70489094945,114474.24983148984,105638.10716978527
2016-06-17,126971,116027.27407600117,118124.25241417906,111321.04973643887,109979.45647773049
2016-06-18,109684,125018.95372276712,120516.77646767623,109387.18397633151,111750.98453479365
2016-06-19,141817,117964.38303929818,119441.0813023184,106082.3268026872,110350.3694754653
2016-06-20,132285,119711.75563789063,120493.16738977586,115417.63381844621,114520.34326573959
2016-06-21,175798,127070.54583483216,120480.67162581418,110144.11972486626,104974.50330236177
2016-06-22,100265,133820.09885009401,130963.84474508824,112668.13874283305,105333.83813592086
2016-06-23,84299,121070.59132305364,130534.45364207329,113438.49989648693,107297.38063047267
2016-06-24,111619,118267.10152639443,120016.29503241868,108508.55264150123,103358.46644899776
2016-06-25,141411,123149.6420908594,119800.34415082529,111512.36699231998,118193.90783615973
2016-06-26,120460,123474.42816262395,121349.2962303798,107480.42536722119,114125.22262776838
2016-06-27,120364,120174.30671810583,120956.981402542,117175.69770153912,117669.70778577933
2016-06-28,133138,126966.76472559223,121679.53911321888,122819.45219524884,123291.61586874553
2016-06-29,103095,122979.4775036471,123175.36794396756,115075.81880438891,104504.93212267074
2016-06-30,81173,112417.06848998697,120736.43115408569,112814.05126801049,113844.95841073967
2016-07-01,17967,111835.4368842428,114708.73259291844,115882.7810510184,108014.88938478232
2016-07-02,14534,102950.769224104,100209.74477675617,97487.93511069418,87731.02325004103
2016-07-03,19089,84234.68894272648,83318.86409332811,82237.24693436673,65861.78150785842
2016-07-04,15188,65339.9910108718,68380.23407381107,53502.13710727706,52051.204971166364
2016-07-05,12085,62603.062271346156,62754.39401901167,47955.94527098071,39258.846472436206
2016-07-06,16072,41412.18730036502,52888.78168422845,41085.220367933376,30164.492911751033
2016-07-07,8942,28541.989475802984,48149.951145711464,25590.80566026124,27122.221605737082
2016-07-08,25028,26641.10295093628,39292.65225668458,22427.84007913097,31231.714182634518
2016-07-09,11851,33681.06346547029,40238.44982536634,19740.20458863658,33358.09615164111
2016-07-10,16476,26305.639000136936,33003.14888897982,19735.39292686354,24302.2760740572
2016-07-11,15565,21956.22134944904,21192.97542606549,17741.56321664411,21203.07656212728
2016-07-12,20528,27343.56739175158,20141.56294208783,18779.682005760566,17207.570201109385
2016-07-13,6600,20516.945112565154,22156.15262876175,17958.287428711235,18738.994378736883
2016-07-14,11751,10363.736148621614,16865.222739349687,18728.387594688906,14981.746635135461
2016-07-15,15801,13761.195595523843,16008.606820981324,17020.240895777097,16675.619517316612
2016-07-16,17523,20761.359274002694,18371.00960794526,16675.79575059729,21632.310025327035
2016-07-17,23328,17917.44415543334,17071.85884351845,17233.94567174775,21187.36442988809
2016-07-18,15390,17018.999105052277,15417.633760281315,16319.548462640894,22105.2071186769
2016-07-19,14746,23422.943358680837,17260.119479391244,16727.05068415541,20430.72712151637
2016-07-20,20786,15899.538464193847,15943.179141891886,18878.73755450443,19327.21993555664
2016-07-21,11453,10459.934380907258,18388.70480168545,16274.649567958935,21475.77100014585
2016-07-22,23804,13798.683130685924,15910.21653422326,18865.415526649296,19869.157165022392
2016-07-23,13824,22311.02472665692,21395.399596045947,16036.344924593877,24693.604168755555
2016-07-24,14341,18683.760710171067,16122.15997826798,17223.181810829974,22456.541924541285
2016-07-25,11407,15377.4018009574,14352.125784559443,16217.513645877807,17202.979527695792
2016-07-26,13025,20982.530683400815,14869.401147098795,17238.196830815705,14888.646473693614
2016-07-27,14094,14174.19418653695,14737.450365891984,16982.867549194638,15469.293662758555
2016-07-28,19102,7495.696668025859,14950.215971999405,18633.37526667262,16323.277974012022
2016-07-29,19329,13510.366034340073,14903.935472434618,16812.898495614958,20787.668182389647
2016-07-30,14761,20351.6592528415,19475.436053331727,18318.67871321167,19035.292654066045
2016-07-31,25570,17524.076452101,16043.136226069315,18234.25447382566,16617.973897366417
