Data,Holt-Winters,SARIMAX,Random Forest,MLP Regressor (Rede Neural)
2015-12-28,6000.477671102824,5882.679033261331,2109.1013140191208,2903.97161388534
2015-12-29,12325.152297980792,11737.834938454645,11626.540276767293,14217.416598410928
2015-12-30,10818.490452448663,7690.301984819802,12188.78227589195,19026.22922148058
2015-12-31,33531.56783138341,28767.957440497965,34017.05275091888,35696.36219863803
2016-01-01,-69000.54952292283,-69520.37208730428,-56730.00260147324,-28199.68554056881
2016-01-02,-35316.28032019394,-32044.83369986739,-23732.85128486491,-11832.674995215348
2016-01-03,-17630.80819585522,-16632.100648189517,-13065.065783230864,-6138.834548817846
2016-01-04,-24307.84826281719,-23728.551598437247,-26267.156352413484,-12252.419128189751
2016-01-05,-17037.78970435995,-16736.65529765164,-19292.528814557125,-943.3292892460886
2016-01-06,-7706.676753138003,-6858.184581650989,-11339.295419360977,7709.150448542408
2016-01-07,7066.318730336177,4287.688371943412,1166.9123078435223,21240.39846081604
2016-01-08,-11755.049446740595,-12007.79381075986,-8699.391456065088,-8646.886517602485
2016-01-09,-21181.555425295286,-20959.413899120947,-17725.856059433092,-14480.978987572918
2016-01-10,27799.202544449014,29038.733373245268,33487.05498635209,34691.45466413406
2016-01-11,-1497.3919234989153,-1801.1852182576258,6121.692306496319,12511.347283700976
2016-01-12,-23656.353508035958,-22707.407777076587,-16830.508266651246,-9076.600992968102
2016-01-13,-39929.12181609229,-37056.20019748178,-34001.0387029166,-30733.57967208294
2016-01-14,16758.19914588977,13835.594739054126,17599.966730828484,20377.66337626477
2016-01-15,12173.606623408268,10977.976243109617,11099.483132309731,20997.075278410834
2016-01-16,8558.291439763023,6765.248540287037,9864.965969250203,24666.273085674125
2016-01-17,-27864.65537455381,-24146.874779256395,-27992.433562655133,-8939.475406763959
2016-01-18,-917.8641440333595,1201.8701590765122,198.05033682339126,7144.00154103864
2016-01-19,-7978.499446898437,-8800.236282279366,-8885.309866828975,-392.34300181877916
2016-01-20,23372.62265327826,23479.68586761986,22662.868182984486,29190.914692942315
2016-01-21,7550.520019814183,6032.359499052036,7925.876485615925,16551.549105039085
2016-01-22,-2560.1422478536115,-4823.280716413137,-1528.0650265471777,11088.90124401683
2016-01-23,-32063.977590128066,-32232.829183893773,-29735.169670682546,-17069.618653645026
2016-01-24,25793.30755752024,27950.856501474,27145.33298407687,37861.63390587912
2016-01-25,16161.731177645677,17405.698347586018,16433.564641804594,28421.8822093224
2016-01-26,13783.653053186965,11877.775043133573,14745.892239416746,29050.969950455372
2016-01-27,-11115.410563705474,-10456.781511585155,-5035.41543105524,12610.07527043148
2016-01-28,22551.931799350394,21778.360124032144,26763.473268145448,31819.06938357871
2016-01-29,-4317.442180822472,-6251.053048271657,2246.340693538121,8950.735936165875
2016-01-30,-13603.865212710283,-16323.466201238552,-11064.347950228374,1336.8416071656102
2016-01-31,-12392.602379461197,-8478.949441361794,-7055.522309045162,3159.1829289884336
2016-02-01,17702.282888524263,19139.672145197314,25103.07300303827,14249.600767723488
2016-02-02,12575.972400669358,12398.99218050504,17925.88396690153,14490.724261399548
2016-02-03,13279.487374125965,14099.49992237227,22330.021574807877,17661.936629012926
2016-02-04,-30395.289022584504,-32600.818343298408,-20729.293483946938,-21194.00552064953
2016-02-05,9267.839374526768,7985.727646640691,15552.984503238637,12128.003251575952
2016-02-06,-417.1567071915633,-2579.9436804606958,2876.680349036047,-2676.064718299327
2016-02-07,23708.12575637127,24999.20087902811,30522.020403678398,27041.700160618144
2016-02-08,3398.7474614569073,6223.683739515953,12388.081998089401,14935.295684680968
2016-02-09,-29835.37148264631,-29019.4534439219,-22049.23657363985,-18874.728623539777
2016-02-10,-10147.091800537091,-8521.784557986524,-2097.8088827676256,1007.6508177479554
2016-02-11,-7324.436666336784,-8603.14798094942,-6156.420466856813,-11127.988489608353
2016-02-12,-7734.612432483336,-9467.775161543861,-7971.8367823314475,-11841.963384048824
2016-02-13,11997.646558375578,10986.814018619072,11251.761044587183,10578.226368091331
2016-02-14,11545.813761947167,13889.744184130308,12962.100444858093,15573.873917352554
2016-02-15,2745.7148863654293,6231.025747713036,6861.080796069335,16169.263417243914
2016-02-16,-26321.419658601008,-28972.015530545745,-25512.302807242188,-19477.960411686377
2016-02-17,16807.0177038424,18318.915965972395,18881.736920891766,22014.14278282349
2016-02-18,15087.97391025124,11706.358450854037,15052.753483182329,13524.407293607917
2016-02-19,-7770.848495433835,-11683.61165429662,-4147.110452375244,-2817.923905291449
2016-02-20,54573.91647615637,54580.978859412644,58203.43131010512,61143.531115285004
2016-02-21,-25487.288296944447,-24463.70621712407,-12943.81059491435,-10377.648867990967
2016-02-22,-25821.328746519997,-21979.038471791922,-16687.323132935373,-12208.350077077252
2016-02-23,-3614.985751373868,-7937.5326832349965,-3459.3434234360175,929.1523802745796
2016-02-24,2264.608228719517,5714.710790920653,5162.815712473879,4389.092102879455
2016-02-25,-50062.56767276826,-50984.99531852218,-48255.33107639635,-49888.043717401655
2016-02-26,1711.1971769959637,-277.85297095632995,3552.868489336266,-348.2192036159104
2016-02-27,-6158.627807062934,-3372.225023694831,-10790.784941226724,-4424.4193032940675
2016-02-28,27561.339250780875,29553.54804786702,29214.164626297264,27830.62446802175
2016-02-29,-82758.221934722,-83253.6834539212,-81482.63621817989,-75357.91586389954
2016-03-01,122333.95947337648,121685.1985892972,141046.26563824454,145671.66893110203
2016-03-02,-3781.1519504321914,-4308.9834137594735,8960.720213306704,33370.939469245284
2016-03-03,-17101.89491939498,-21400.827263800413,-12593.62778487365,20005.102692084634
2016-03-04,-17227.904459199082,-20095.939070067805,-16067.50367348289,21449.946530118665
2016-03-05,-16979.58958149112,-14542.164063057964,-12326.43853692952,20006.260830355845
2016-03-06,-6189.430262205467,-1694.3796824561286,-3401.0719891477347,29312.421913402293
2016-03-07,1252.9536463131226,-1086.227521675988,-1758.175917658431,9596.36339371439
2016-03-08,-12174.118330976184,-7794.725976872083,-15325.679666908269,5921.986375264394
2016-03-09,13544.982484752036,15490.707591306447,11875.949304560825,12933.778755071762
2016-03-10,-4727.217868231091,-8971.2446404988,-9517.753236805162,-12049.401880132267
2016-03-11,10263.440976243233,7518.286453190478,6991.113620190066,4991.039049347659
2016-03-12,42005.65783000304,41115.94408923718,41349.9047640012,37393.14100848336
2016-03-13,7016.051641385609,12068.70330617168,13273.662331678439,15424.541058541014
2016-03-14,-13495.274765709895,-18725.962879969084,-11267.979850161733,-1336.5080988711852
2016-03-15,-31422.63664417836,-28248.18629217452,-26958.571948693527,-22125.48093647696
2016-03-16,-22223.99816018292,-21718.34031094273,-22040.87847218977,-16437.543280323414
2016-03-17,2565.268006369093,649.3777561472671,-5201.600013596879,275.38205456599826
2016-03-18,18329.140311601703,16303.844752802674,10730.844009965527,15767.155181654001
2016-03-19,-1557.8906954248378,2246.347136184573,-2728.6797114204965,-451.02945562882815
2016-03-20,-13434.392448229672,-11809.725886422646,-10930.189382026714,-8893.374846142367
2016-03-21,4018.9028408268205,1691.160009313593,-2001.7519179951778,6347.472752431713
2016-03-22,-8646.807161053963,-6206.396478114359,-10107.601871683975,-4579.601705518828
2016-03-23,44997.408518927434,46499.12395401401,41910.373834134865,42162.84176994828
2016-03-24,20060.902682428743,15268.079867352702,17769.859388186014,21624.880653322645
2016-03-25,-10299.457984876135,-13265.321919644499,-4433.413605419977,-2077.099568374382
2016-03-26,-28679.15365402287,-26243.976334117702,-24795.81646986527,-18440.520225116124
2016-03-27,14169.47193484308,16323.457683037603,17750.545085573045,17393.536640361912
2016-03-28,4483.226428012233,2016.8477988586092,2364.2787603453908,6137.8894195229805
2016-03-29,-31307.90607886127,-29397.598668918246,-28578.736690892852,-23890.9842761381
2016-03-30,-3704.500058993319,-540.0724152766343,-2364.762820519856,-6758.820653348972
2016-03-31,16520.718554769584,13434.302934321473,14774.902664452326,13934.070530698606
2016-04-01,3959.4506944930763,822.2196749158757,2393.2905850659736,-14623.270209290713
2016-04-02,28374.05580141212,30797.10995984447,31801.13496270332,22152.129762135984
2016-04-03,7573.822488558828,10359.00332997521,13021.257908557265,6110.211508815584
2016-04-04,5271.123734810142,2985.338719136431,9333.499549836706,9689.921106645168
2016-04-05,-47799.845467241,-50046.75542730272,-43314.450267722365,-48297.16207317775
2016-04-06,45337.05828433875,49619.911616553916,50945.442129439165,51752.35361862063
2016-04-07,11450.343700277605,7384.430598535211,15061.801087306405,4345.662931673069
2016-04-08,-20756.3013411953,-21757.66609039913,-12717.945311675358,-13569.951332250523
2016-04-09,2999.795855957811,5490.194358001099,9050.277586787051,9537.094711436817
2016-04-10,-20163.4700020827,-16344.65427356129,-13360.856642015104,-16364.066333590337
2016-04-11,2561.1832735064527,686.4395569409389,1603.8864290363272,3107.9186769954686
2016-04-12,12305.822126169398,8548.36495655439,9919.100632758025,8982.356256817278
2016-04-13,-25332.52633691579,-20274.11824584994,-17669.144941386432,-21224.6354670288
2016-04-14,7472.94605975278,6000.153764201314,7091.884488302661,1325.752465381389
2016-04-15,23002.305559960005,17994.130962073366,21241.248041248487,14438.430772691761
2016-04-16,-15683.717373705716,-12890.943915233496,-11790.15568714618,-22919.734765993373
2016-04-17,-10755.862359002233,-10235.222229914754,-5694.998067727254,-6856.886669791449
2016-04-18,19881.243144507403,17812.222588943172,15353.076812132771,17788.481310385047
2016-04-19,42953.2231121371,45141.61253123665,43075.61752055577,45567.837449504674
2016-04-20,-478.88516774419986,2317.4213520165795,14771.900998787518,13291.223417766902
2016-04-21,-31615.867261590436,-33101.96930654849,-21244.177313353997,-23227.899264161388
2016-04-22,20156.597252723484,15460.661364078784,26749.593890042,23447.991339906162
2016-04-23,9298.980579233757,11634.503151661746,17526.660143352186,4462.802852503402
2016-04-24,21377.027215670678,21409.700749939613,32678.072842265552,25272.463652018123
2016-04-25,-15242.499409432712,-16165.826229950326,-5441.165128167588,-2849.5640098662407
2016-04-26,15135.378348184502,15259.53165532797,26091.100377690906,20780.289605157363
2016-04-27,-4672.726215045594,-570.6651813898643,11159.345077049104,9319.386050032117
2016-04-28,16025.562368528495,12837.434683046944,24992.84517715992,17889.589269943215
2016-04-29,-25754.66464386141,-30280.48560959287,-14719.195599128012,-22483.634703946533
2016-04-30,-12140.222085239599,-11614.376884383135,-192.46036428680236,-11202.471438387467
2016-05-01,49270.39778835047,50179.684409357316,59491.94903658828,37903.90406279692
2016-05-02,-26455.32454698869,-26322.53169143996,-21425.116414818927,-25626.0243212997
2016-05-03,40603.72637945805,37268.35139844431,47801.81751684235,43798.34222691541
2016-05-04,14175.116845141223,18552.36894796051,26216.209457779492,28651.87464588498
2016-05-05,34789.26803031092,30830.656557786715,44632.94986738998,49933.786765790384
2016-05-06,-15689.45107687515,-17570.60102136324,-5887.855616386369,3548.5720194657624
2016-05-07,-192.58135405924986,-1088.781759699341,10161.998301235551,5346.703100892293
2016-05-08,-29593.948327594437,-23438.26620753597,-14319.260037661777,-22022.217343930824
2016-05-09,-5368.534411000845,-10547.398847985794,2106.2769007987226,-10654.466826338205
2016-05-10,-25101.54612915672,-21474.05824721088,-14712.943341390608,-24402.116598516965
2016-05-11,4037.6507098362636,7400.2991136032215,17380.807573472863,7494.949203930853
2016-05-12,10741.748292690318,10071.337113599875,19467.633836376423,13131.613402784016
2016-05-13,-15548.31108171746,-18423.598598379263,-4411.200375903776,-14877.98021717307
2016-05-14,10700.954489617157,10733.38354228712,19874.033066810996,10489.199193479624
2016-05-15,24581.129222043353,29348.842196149315,36858.32287882906,32970.125189647966
2016-05-16,22296.64695259479,18932.575940839408,22540.22639704334,30539.65715083547
2016-05-17,-18236.52766270211,-18144.336093718433,-14901.394790033213,-6083.647970570222
2016-05-18,-34273.667725896885,-32307.550611738945,-28572.451311183977,-20969.795482415502
2016-05-19,1097.0000939154706,2506.234449445401,1620.844116541688,7672.668735055995
2016-05-20,32084.560696928063,25938.06021891674,33361.53461422102,39830.181295219925
2016-05-21,10346.961633882282,13423.164191162825,12618.207904413954,20999.416685518692
2016-05-22,-19837.48202913525,-17610.71988852226,-9587.829620215649,-7997.852933330025
2016-05-23,6388.436551739243,5026.324710594752,6675.088488633555,12244.239378160288
2016-05-24,36492.91590616197,36313.76743667881,41765.20029851842,49171.0176846886
2016-05-25,-32478.623089254994,-29417.657702406854,-24166.8699233573,-13913.165990364738
2016-05-26,-32898.63359051508,-35700.665179307165,-30069.602385133636,-21536.28592239748
2016-05-27,-13890.77296886727,-15211.597754805392,-13297.68717542266,-8907.2250765778
2016-05-28,8917.676087288986,9578.7424800421,11739.005608127845,17890.844150587436
2016-05-29,-1142.0152768946427,3470.010298144698,5296.663142541889,9571.107462339554
2016-05-30,3112.391267784813,3158.749220832615,1642.1623024663568,11507.967759423103
2016-05-31,4749.428173599241,1498.3714511519647,6758.659958638265,16238.752358277285
2016-06-01,11275.99375252286,15519.371351743583,15662.17587703174,19373.036613712553
2016-06-02,-37520.42424178582,-38712.49468191316,-35854.769902055006,-35643.67085363883
2016-06-03,42854.08826155403,39226.88779323631,38811.36559683502,40353.3119646243
2016-06-04,6924.089743584336,9348.724721334816,9676.306469983203,7553.630842622719
2016-06-05,-1398.5102071811707,2481.648626966198,564.5329090120504,2053.578122153849
2016-06-06,62809.41547912985,59765.55359244856,61409.75510501469,67878.56730042951
2016-06-07,37820.27926225531,40694.51066789428,48548.76877285745,52785.871354631876
2016-06-08,12080.002749414765,9481.883046381161,28115.61474974513,29761.215264619677
2016-06-09,-20029.121034094962,-23454.090902350552,-8596.229863730317,-5358.828944686917
2016-06-10,-28644.19906979447,-32737.477335342614,-12475.492457415181,-16865.768167859802
2016-06-11,43805.83940061199,45600.48710168968,55812.269054962,49307.24238457577
2016-06-12,-64005.41399394385,-63108.00748756873,-42313.94561873736,-52819.56856909301
2016-06-13,-4644.267398223572,-5084.052748802351,1478.949921284846,-2031.1523712024355
2016-06-14,49120.36263097533,52777.689528891264,55011.354721060285,59248.51809004732
2016-06-15,11639.68371497329,12651.616470869412,23654.650327491036,22941.44634778364
2016-06-16,-24140.88979471661,-31282.704890949448,-20438.24983148984,-11602.107169785275
2016-06-17,10943.725923998834,8846.747585820936,15649.950263561128,16991.54352226951
2016-06-18,-15334.953722767124,-10832.77646767623,296.81602366849256,-2066.98453479365
2016-06-19,23852.616960701824,22375.918697681598,35734.673197312804,31466.630524534703
2016-06-20,12573.24436210937,11791.83261022414,16867.366181553793,17764.65673426041
2016-06-21,48727.454165167845,55317.32837418582,65653.88027513374,70823.49669763823
2016-06-22,-33555.098850094015,-30698.844745088238,-12403.138742833049,-5068.838135920858
2016-06-23,-36771.59132305364,-46235.45364207329,-29139.49989648693,-22998.380630472675
2016-06-24,-6648.101526394428,-8397.295032418682,3110.447358498772,8260.533551002241
2016-06-25,18261.3579091406,21610.655849174713,29898.633007680022,23217.092163840265
2016-06-26,-3014.4281626239535,-889.2962303797976,12979.574632778807,6334.77737223162
2016-06-27,189.69328189417138,-592.9814025420055,3188.3022984608833,2694.292214220666
2016-06-28,6171.235274407765,11458.460886781118,10318.547804751157,9846.384131254468
2016-06-29,-19884.477503647096,-20080.36794396756,-11980.81880438891,-1409.9321226707398
2016-06-30,-31244.068489986967,-39563.43115408569,-31641.051268010488,-32671.958410739666
2016-07-01,-93868.4368842428,-96741.73259291844,-97915.7810510184,-90047.88938478232
2016-07-02,-88416.769224104,-85675.74477675617,-82953.93511069418,-73197.02325004103
2016-07-03,-65145.68894272648,-64229.86409332811,-63148.24693436673,-46772.781507858424
2016-07-04,-50151.9910108718,-53192.234073811065,-38314.13710727706,-36863.204971166364
2016-07-05,-50518.062271346156,-50669.39401901167,-35870.94527098071,-27173.846472436206
2016-07-06,-25340.187300365018,-36816.78168422845,-25013.220367933376,-14092.492911751033
2016-07-07,-19599.989475802984,-39207.951145711464,-16648.80566026124,-18180.221605737082
2016-07-08,-1613.1029509362816,-14264.652256684582,2600.1599208690313,-6203.714182634518
2016-07-09,-21830.063465470288,-28387.44982536634,-7889.204588636581,-21507.09615164111
2016-07-10,-9829.639000136936,-16527.14888897982,-3259.39292686354,-7826.276074057201
2016-07-11,-6391.221349449039,-5627.975426065492,-2176.56321664411,-5638.07656212728
2016-07-12,-6815.567391751581,386.43705791217144,1748.3179942394345,3320.4297988906146
2016-07-13,-13916.945112565154,-15556.152628761749,-11358.287428711235,-12138.994378736883
2016-07-14,1387.2638513783859,-5114.222739349687,-6977.387594688906,-3230.7466351354615
2016-07-15,2039.8044044761573,-207.60682098132384,-1219.2408957770967,-874.6195173166125
2016-07-16,-3238.3592740026943,-848.0096079452596,847.2042494027082,-4109.310025327035
2016-07-17,5410.555844566661,6256.14115648155,6094.0543282522485,2140.63557011191
2016-07-18,-1628.9991050522767,-27.633760281314608,-929.5484626408943,-6715.207118676899
2016-07-19,-8676.943358680837,-2514.1194793912437,-1981.0506841554088,-5684.727121516371
2016-07-20,4886.461535806153,4842.820858108114,1907.2624454955694,1458.7800644433592
2016-07-21,993.065619092742,-6935.70480168545,-4821.649567958935,-10022.77100014585
2016-07-22,10005.316869314076,7893.78346577674,4938.584473350704,3934.8428349776077
2016-07-23,-8487.02472665692,-7571.399596045947,-2212.3449245938773,-10869.604168755555
2016-07-24,-4342.760710171067,-1781.1599782679805,-2882.181810829974,-8115.541924541285
2016-07-25,-3970.4018009573992,-2945.1257845594428,-4810.513645877807,-5795.979527695792
2016-07-26,-7957.530683400815,-1844.4011470987953,-4213.196830815705,-1863.646473693614
2016-07-27,-80.19418653694993,-643.4503658919839,-2888.867549194638,-1375.293662758555
2016-07-28,11606.30333197414,4151.784028000595,468.62473332737864,2778.7220259879778
2016-07-29,5818.633965659927,4425.064527565382,2516.101504385042,-1458.668182389647
2016-07-30,-5590.6592528414985,-4714.436053331727,-3557.6787132116697,-4274.292654066045
2016-07-31,8045.923547899001,9526.863773930685,7335.745526174342,8952.026102633583
