w,hidden,activation,alpha,solver,lr,target,inner_MAE,seg
14,"(32,)",relu,10.0,lbfgs,0.01,delta,1.2287588533434874,4.077411890029907
7,"(32,)",relu,10.0,lbfgs,0.01,delta,1.2337928076400175,3.4922990798950195
7,"(16,)",tanh,0.01,adam,0.001,delta,1.244810985030156,4.721592426300049
14,"(16,)",tanh,10.0,adam,0.001,delta,1.2509392293893618,5.057467460632324
14,"(32,)",relu,10.0,adam,0.001,delta,1.2691735148556393,5.121387958526611
14,"(32, 16)",relu,10.0,lbfgs,0.001,delta,1.2996989615381533,0.49874329566955566
7,"(16,)",tanh,3.0,adam,0.001,delta,1.3074446930205759,4.620036602020264
3,"(16,)",tanh,10.0,lbfgs,0.001,delta,1.3312814701624298,0.6305575370788574
3,"(64,)",tanh,10.0,lbfgs,0.001,delta,1.3329015529815518,1.0698816776275635
14,"(32,)",relu,3.0,adam,0.001,delta,1.3583887580403042,5.0680248737335205
3,"(64,)",tanh,0.1,adam,0.001,level,1.381899647750707,5.103450059890747
7,"(32,)",tanh,1.0,lbfgs,0.001,level,1.3834702115507542,1.9366114139556885
3,"(32, 16)",tanh,0.01,adam,0.001,delta,1.3847003015159542,6.13188624382019
7,"(64,)",relu,0.1,lbfgs,0.001,level,1.4150815163992678,5.369412660598755
14,"(16,)",relu,1.0,adam,0.01,delta,1.434491841258558,1.551196575164795
7,"(64,)",relu,3.0,lbfgs,0.01,level,1.4386951606128555,5.437321186065674
3,"(32,)",tanh,1.0,lbfgs,0.01,delta,1.439753309991685,3.162153720855713
3,"(16,)",tanh,3.0,lbfgs,0.001,level,1.4454460431689409,0.7932214736938477
7,"(32,)",relu,0.01,lbfgs,0.01,delta,1.4536316191123144,3.736346483230591
3,"(64,)",tanh,1.0,lbfgs,0.01,level,1.465457506956486,2.358052968978882
3,"(32, 16)",relu,3.0,lbfgs,0.001,level,1.4733349410974184,4.865598678588867
7,"(32, 16)",relu,1.0,lbfgs,0.001,level,1.488375681089589,5.369876146316528
3,"(64,)",relu,1.0,lbfgs,0.01,delta,1.5155606131464154,4.7683117389678955
14,"(32, 16)",tanh,0.001,adam,0.001,delta,1.5430218472025286,6.329237222671509
3,"(32,)",tanh,0.001,adam,0.001,level,1.5454659295436055,4.608149528503418
7,"(32,)",relu,0.1,adam,0.001,level,1.5460032574947646,5.1260247230529785
14,"(32, 16)",tanh,0.1,adam,0.001,delta,1.6200673143939348,6.560619831085205
14,"(32, 16)",relu,0.1,lbfgs,0.001,level,1.6417577376389656,5.56975245475769
7,"(64,)",relu,0.01,adam,0.001,delta,1.6695132081584378,5.584255218505859
3,"(64,)",relu,0.01,lbfgs,0.01,level,1.6752429896794274,4.8812572956085205
7,"(64,)",relu,1.0,adam,0.01,delta,1.6774087910909827,1.2169723510742188
14,"(16,)",relu,0.1,adam,0.01,level,1.7147794592992256,2.2197177410125732
7,"(64,)",tanh,0.1,lbfgs,0.001,level,1.7229465047170396,5.1999266147613525
7,"(64,)",tanh,10.0,lbfgs,0.001,level,1.7233718498404282,1.430058240890503
7,"(32, 16)",relu,0.01,adam,0.01,delta,1.7338485392327156,1.8077757358551025
14,"(16,)",tanh,0.1,adam,0.01,level,1.7406592923067536,2.1035757064819336
7,"(16,)",relu,0.001,adam,0.01,delta,1.7626899122307402,2.463832139968872
7,"(16,)",relu,10.0,lbfgs,0.01,level,1.7688839163234444,1.4755985736846924
7,"(16,)",relu,0.1,adam,0.01,level,1.7904012930289195,2.0320401191711426
14,"(64,)",tanh,1.0,lbfgs,0.001,delta,1.8127268916113854,5.9813690185546875
3,"(32,)",tanh,0.1,lbfgs,0.01,level,1.8224094812532754,3.4376745223999023
14,"(32,)",tanh,1.0,adam,0.001,level,1.8278635107089982,4.881780624389648
3,"(16,)",tanh,10.0,lbfgs,0.01,level,1.8404023740934714,0.5450263023376465
14,"(16,)",tanh,1.0,lbfgs,0.001,delta,1.864855162651502,3.133305549621582
14,"(16,)",relu,0.001,adam,0.001,level,1.885963178634514,4.872538805007935
14,"(32,)",relu,10.0,lbfgs,0.001,level,1.8936766254163662,2.640366792678833
14,"(16,)",tanh,0.001,adam,0.01,level,1.9144498864052015,1.939835786819458
3,"(32, 16)",relu,10.0,lbfgs,0.01,level,1.9350617208169463,2.1192264556884766
3,"(32,)",tanh,0.001,lbfgs,0.01,level,1.9366685912933044,0.8739380836486816
7,"(16,)",tanh,0.001,lbfgs,0.001,level,1.9502982865348018,0.6093630790710449
7,"(64,)",relu,0.01,adam,0.01,level,1.9556261035542413,1.452427864074707
7,"(32, 16)",tanh,0.01,lbfgs,0.001,level,2.033230161888288,5.376087188720703
3,"(32, 16)",tanh,0.1,lbfgs,0.01,level,2.1580553099182556,4.901195526123047
14,"(32,)",relu,0.1,adam,0.001,level,2.1711598273942276,5.152360439300537
3,"(32, 16)",tanh,1.0,adam,0.01,level,2.507350148437856,1.65456223487854
7,"(16,)",tanh,3.0,adam,0.01,level,3.0506188266124203,0.9594495296478271
7,"(64,)",relu,10.0,adam,0.01,level,4.255233602570721,0.989206075668335
7,"(32,)",relu,10.0,adam,0.001,level,4.377650624013533,5.0382609367370605
7,"(64,)",tanh,10.0,adam,0.001,level,4.388639267818816,4.16451621055603
7,"(32, 16)",relu,10.0,adam,0.001,level,6.468275163620558,6.574214935302734
