trend,seasonal,damped,inner_MAE,alpha,beta,gamma,phi,SSE_treino
add,,False,1.258133811104109,0.9005317238473143,0.02582244027634071,,,288.4967801021145
add,,True,1.385071631759338,0.8810721174365121,0.001,,0.8,276.5906868086386
,,False,1.3859935549290747,0.8811185962606843,,,,276.8807490313695
,add,False,1.619024913238788,0.9207037744658698,,0.150145816206866,,376.75644789937826
add,add,False,1.6204959165228947,0.93986575665473,0.03064448700528241,0.1476774769930834,,393.76309418534663
add,add,True,1.6239071695976548,0.9075645329504269,0.001,0.15159830705321484,0.8,372.20920261386954
add,mul,False,1.6410181003468958,0.9170384587506077,0.0266967523783445,0.12901922906387794,,381.7370304955552
,mul,False,1.66409392799446,0.8965014376137123,,0.13834611722935203,,367.1715090185767
add,mul,True,1.6662762171274088,0.8808489739889482,0.001,0.13859750481552277,0.8009673149265538,362.10692899267644
