order,seasonal_order,m,exog,inner_MAE,AIC_css,BIC_css
"(2, 1, 1)","(0, 0, 0)",7,True,1.0876255067487202,105.5509186084855,127.84694993878936
"(1, 1, 1)","(0, 0, 1)",7,True,1.088698148634842,107.13845932012723,129.53618664771648
"(2, 1, 1)","(1, 0, 0)",7,True,1.090622440051531,97.94081795200736,121.88530949873176
"(2, 1, 0)","(0, 0, 0)",7,True,1.0919333683577133,103.8227954269031,123.64148994272875
"(2, 1, 0)","(0, 0, 1)",7,True,1.0931532847738108,105.6872836021874,127.98331493249127
"(2, 1, 1)","(0, 0, 1)",7,True,1.0931852162201927,107.33086057018826,132.10422871497033
"(2, 1, 0)","(1, 0, 0)",7,True,1.0995295465712396,96.36569788605395,117.9157402781059
"(1, 1, 1)","(0, 0, 0)",7,True,1.1056248895848257,105.32000986310244,125.22910082095956
"(0, 1, 1)","(0, 0, 1)",7,True,1.1113454827079163,105.40659795998876,125.40507532263088
"(0, 1, 1)","(0, 0, 0)",7,True,1.1136354304436547,103.5343538463172,121.03302153862906
"(0, 1, 0)","(1, 0, 1)",7,True,1.1142941290641235,95.407349441137,114.75807430350979
"(0, 1, 0)","(0, 0, 1)",7,True,1.1144977455017702,104.10777968769135,121.6064473800032
"(0, 1, 0)","(0, 0, 0)",7,True,1.1166936546959456,102.20023487605197,117.19909289803356
"(0, 1, 0)","(1, 0, 0)",7,True,1.1171300258389927,95.49887040379053,112.43075465836672
"(2, 1, 0)","(1, 0, 1)",7,True,1.1174453781827782,96.57823919449046,120.52273074121486
"(0, 1, 1)","(1, 0, 0)",7,True,1.1179358094382648,96.87443493390592,116.2251597962787
"(1, 1, 0)","(0, 0, 0)",7,True,1.1184051704292144,103.32001018604313,120.74046477416812
"(0, 1, 1)","(1, 0, 1)",7,True,1.1212530500995819,97.14014508462691,118.90971055479629
"(1, 1, 0)","(0, 0, 1)",7,True,1.1223271873889682,105.13920891818321,125.04829987604033
"(1, 1, 0)","(1, 0, 0)",7,True,1.125981268736234,95.55998397504837,114.81373795316239
"(1, 1, 0)","(1, 0, 1)",7,True,1.1323212218834013,95.02079567673007,116.68126890210836
"(2, 0, 1)","(0, 0, 0)",7,True,1.139970480915807,96.3655470370827,121.2519107344041
"(2, 1, 1)","(1, 0, 1)",7,True,1.1420015545282456,98.48617220994966,124.82511291134648
"(2, 0, 1)","(0, 0, 1)",7,True,1.1421127138039926,98.14775918608754,125.52275925314107
"(1, 1, 1)","(1, 0, 1)",7,True,1.145587437858159,96.41603235994373,120.48322483258626
"(1, 1, 1)","(1, 0, 0)",7,True,1.1518053819485754,96.82088731058903,118.48136053596731
"(1, 0, 0)","(0, 0, 0)",7,True,1.269084392612712,95.08410985768047,115.0825872203226
"(1, 0, 1)","(0, 0, 0)",7,True,1.2834451360783612,96.8838468577581,119.38213389073049
"(2, 0, 0)","(0, 0, 0)",7,True,1.283824259751483,96.91406346285086,119.31179079044011
"(1, 0, 0)","(0, 0, 1)",7,True,1.289203765123743,97.00779161156471,119.5060786445371
"(1, 0, 0)","(1, 0, 1)",7,True,1.2926940909952924,89.94190729221444,114.13031337018042
"(2, 0, 0)","(0, 0, 1)",7,True,1.29824388762287,98.82695396655441,123.71331766387581
"(1, 0, 1)","(0, 0, 1)",7,True,1.3015992348458698,98.82046565259246,123.81856235589511
"(2, 0, 0)","(1, 0, 1)",7,True,1.3324808046566645,87.46916437850423,113.94307609841101
"(1, 0, 1)","(1, 0, 1)",7,True,1.3537472634312233,91.7224932162684,118.32973990203098
"(1, 0, 0)","(1, 0, 0)",7,True,1.3573668743987104,89.67223227988447,111.44179775005385
"(2, 0, 1)","(1, 0, 1)",7,True,1.3587712803193814,88.55591688593891,117.43654785310996
"(2, 1, 1)","(0, 0, 0)",7,False,1.370674499115028,103.75660055421496,113.66594781212778
"(2, 1, 1)","(0, 0, 1)",7,False,1.3743675623158225,105.58901517835443,117.97569925074546
"(0, 1, 0)","(0, 0, 0)",7,False,1.3758503401360556,102.23706414007509,104.73687381040536
"(0, 1, 0)","(1, 0, 1)",7,False,1.376854181924853,93.75570824872983,101.01223007211962
"(1, 1, 0)","(1, 0, 1)",7,False,1.3805533527772453,92.74329119829947,102.37016818735648
"(0, 1, 1)","(1, 0, 1)",7,False,1.3814292370377304,95.73503972478593,105.41040215597232
"(2, 0, 0)","(1, 0, 0)",7,True,1.381531501232894,89.27744086342969,113.34463333607222
"(0, 1, 0)","(0, 0, 1)",7,False,1.3827948983566574,104.19438731815666,109.19400665881719
"(0, 1, 0)","(1, 0, 0)",7,False,1.3834703054158968,93.88290901508049,98.72059023067368
"(1, 1, 1)","(1, 0, 1)",7,False,1.3837228188185904,94.62051293778804,106.6541091741093
"(0, 1, 1)","(0, 0, 0)",7,False,1.3855917401521276,103.15104198169931,108.15066132235984
"(1, 1, 0)","(0, 0, 0)",7,False,1.3875903137832555,102.42910379517872,107.406376534643
"(0, 1, 1)","(1, 0, 0)",7,False,1.3932707006075216,95.3158264575463,102.57234828093608
"(1, 1, 0)","(1, 0, 0)",7,False,1.3935501983845744,93.15324256375722,100.37340030554998
"(0, 1, 1)","(0, 0, 1)",7,False,1.3946203221919535,105.12106849103647,112.62049750202726
"(2, 1, 0)","(1, 0, 1)",7,False,1.3946884188054691,94.80188656206691,106.7741323354291
"(1, 1, 1)","(0, 0, 0)",7,False,1.3953129471715033,103.03317969996091,110.49908880915733
"(2, 1, 1)","(1, 0, 1)",7,False,1.395510828996231,96.69995656538485,111.06665149341949
"(2, 1, 0)","(0, 0, 0)",7,False,1.3964323363599875,103.61877379336443,111.05078423679905
"(1, 1, 0)","(0, 0, 1)",7,False,1.3968112248339382,104.33813556046393,111.80404466966034
"(1, 1, 1)","(1, 0, 0)",7,False,1.3987146314779262,94.63933279167,104.26620978072701
"(2, 1, 1)","(1, 0, 0)",7,False,1.3994670660779651,96.31602848753678,108.28827426089899
"(1, 1, 1)","(0, 0, 1)",7,False,1.3995216159439612,104.92016098030761,114.87470645923617
"(2, 1, 0)","(1, 0, 0)",7,False,1.4002907498234467,94.36270241863949,103.94049903732925
"(2, 0, 1)","(1, 0, 0)",7,True,1.400422177384769,90.7835581386457,117.2574698585525
"(2, 1, 0)","(0, 0, 1)",7,False,1.405653040152042,105.5626452088884,115.47199246680123
"(1, 0, 1)","(1, 0, 0)",7,True,1.4078145216337528,91.50689061886071,115.69529669682669
"(1, 0, 0)","(0, 1, 1)",7,True,1.478682447583374,113.41137208488914,132.7620969472619
"(1, 0, 1)","(0, 1, 1)",7,True,1.5025709159369947,115.25219986749,137.0217653376594
"(1, 1, 1)","(0, 1, 1)",7,True,1.5288612698382091,122.99918638290248,144.65965960828078
"(0, 1, 1)","(0, 1, 1)",7,True,1.5526831368188552,122.18447427807462,141.5351991404474
"(2, 1, 0)","(0, 1, 1)",7,True,1.5610905228855916,122.01201195544684,143.5620543474988
"(2, 0, 0)","(0, 1, 1)",7,True,1.5656398829449298,115.52455473882414,137.18502796420242
"(1, 1, 0)","(0, 1, 1)",7,True,1.574224167002555,122.22750473979339,141.48125871790742
"(0, 1, 0)","(0, 1, 1)",7,True,1.5755735830968038,120.61779541350029,137.54967966807646
"(2, 0, 1)","(0, 1, 1)",7,True,1.5779793096609662,116.82199973586141,140.88919220850394
"(1, 0, 0)","(1, 0, 1)",7,False,1.5855240547615121,94.59843743363611,106.6926404726191
"(1, 0, 1)","(1, 0, 0)",7,False,1.592042193762337,97.32497368492226,109.41917672390525
"(2, 0, 0)","(0, 0, 0)",7,False,1.599744523639486,105.01548387639167,114.97002935532024
"(1, 0, 1)","(1, 0, 1)",7,False,1.6014964958257973,96.59823661531453,111.11128026209413
"(0, 1, 1)","(0, 1, 1)",7,False,1.6033793787300705,120.2490174158486,127.50553923923839
"(1, 0, 0)","(1, 0, 0)",7,False,1.6043057643959477,95.77737504766837,105.45273747885477
"(1, 0, 1)","(0, 0, 0)",7,False,1.6053751750422742,105.92351169861385,115.92275037993491
"(2, 0, 0)","(0, 0, 1)",7,False,1.6066562087194676,106.94566405078724,119.38884589944794
"(1, 1, 1)","(0, 1, 1)",7,False,1.6160583284118257,122.26933969619945,131.89621668525646
"(0, 0, 1)","(0, 0, 0)",7,True,1.6168427876619906,122.59509189104831,142.6819679431831
"(2, 0, 0)","(1, 0, 0)",7,False,1.6174901741709262,94.42958052900251,106.46317676532377
"(2, 0, 1)","(0, 0, 0)",7,False,1.6190913373980866,105.27102218477845,117.71420403343915
"(1, 0, 1)","(0, 0, 1)",7,False,1.6191378377752326,107.91225149181753,120.41129984346885
"(0, 1, 0)","(0, 1, 1)",7,False,1.621063987125923,118.79690681982484,123.63458803541803
"(2, 1, 1)","(0, 1, 1)",7,True,1.6225428828688884,123.63462498955873,147.57911653628312
"(2, 0, 1)","(0, 0, 1)",7,False,1.626229825386085,107.20954226581127,122.1413604842041
"(1, 1, 0)","(0, 1, 1)",7,False,1.6265649957828405,120.55425273576263,127.77441047755539
"(2, 0, 1)","(1, 0, 0)",7,False,1.628049694686976,96.03302532218879,110.47334080577431
"(1, 0, 0)","(0, 0, 0)",7,False,1.630197070879136,104.63186933852407,112.13129834951486
"(2, 0, 0)","(1, 0, 1)",7,False,1.6387575370574718,91.89270660434538,106.3330220879309
"(1, 0, 0)","(0, 0, 1)",7,False,1.6455898687097024,106.62742455589057,116.62666323721163
"(2, 1, 1)","(0, 1, 1)",7,False,1.6619213913910293,122.47593704025647,134.44818281361867
"(2, 0, 1)","(1, 0, 1)",7,False,1.6621498283352178,93.77114016519798,110.61817489604775
"(2, 1, 0)","(0, 1, 1)",7,False,1.6790883393741471,122.38071254524304,131.9585091639328
"(0, 0, 1)","(0, 0, 1)",7,True,1.6937890252001027,124.56438094907875,147.1621165077304
"(0, 0, 1)","(0, 1, 1)",7,True,1.7039065353658722,139.73398105888504,159.18051544963154
"(1, 0, 0)","(0, 1, 1)",7,False,1.8072717572294335,117.3712379328379,124.62775975622769
"(1, 0, 1)","(0, 1, 1)",7,False,1.839462393656182,119.33629379015191,129.0116562213383
"(2, 0, 0)","(0, 1, 1)",7,False,1.8721607863942433,119.54800230686631,129.17487929592332
"(2, 0, 1)","(0, 1, 1)",7,False,1.8900652560371625,121.36919408653429,133.40279032285557
"(0, 0, 1)","(1, 0, 0)",7,True,2.135804077743425,113.92247263703496,135.7998238266248
"(0, 0, 1)","(1, 0, 1)",7,True,2.301996081112776,115.88607603389525,140.19424402232838
"(0, 0, 0)","(0, 1, 1)",7,True,2.5480912603197785,179.7715278680164,196.78724545991957
"(0, 0, 0)","(0, 0, 0)",7,True,2.817210662104084,170.2674094405968,187.84342598621475
"(0, 0, 0)","(0, 0, 1)",7,True,3.2986738627222896,172.18140598345838,192.2682820355932
"(0, 0, 0)","(1, 0, 1)",7,True,3.4207233210932846,160.26633603538843,182.14368722497824
"(0, 0, 1)","(1, 0, 1)",7,False,3.523593977737281,166.96694585165866,179.12102984587523
"(0, 0, 0)","(1, 0, 0)",7,True,3.608607280711309,160.54074048039755,179.98727487114405
"(0, 0, 1)","(0, 1, 1)",7,False,3.644656428626262,175.88145170177626,183.1739020983062
"(0, 0, 1)","(1, 0, 0)",7,False,4.009876374710736,175.07895466920584,184.8022218645791
"(0, 0, 1)","(0, 0, 1)",7,False,4.812898204497573,197.80662891293213,207.85006693899953
"(0, 0, 0)","(1, 0, 1)",7,False,5.177724321609939,218.61185115357307,228.3351183489463
"(0, 0, 0)","(1, 0, 0)",7,False,5.479083181943613,224.2241064798025,231.51655687633243
"(0, 0, 0)","(0, 1, 1)",7,False,5.571429872424251,228.22127272963888,233.0829063273255
"(0, 0, 1)","(0, 0, 0)",7,False,5.796984291290151,213.74485290870635,221.2774314282569
"(0, 0, 0)","(0, 0, 1)",7,False,7.596266927920229,262.4640405712898,269.99661909084034
"(0, 0, 0)","(0, 0, 0)",7,False,9.869116431240867,293.53638851178647,298.5581075248202
