w,n_estimators,max_depth,min_samples_split,min_samples_leaf,max_features,target,inner_MAE,seg
3,200,6.0,2,3,sqrt,delta,1.282055727761833,2.8627569675445557
3,100,6.0,5,3,1.0,delta,1.3076278138194455,2.1643476486206055
7,100,3.0,10,1,1.0,delta,1.310101448404994,4.315583944320679
14,100,6.0,5,1,sqrt,delta,1.3105113801418862,3.8850269317626953
3,200,6.0,10,3,sqrt,delta,1.3119872641414523,4.676076173782349
7,100,,2,5,1.0,delta,1.3138362649961175,4.057275056838989
7,200,,2,5,1.0,delta,1.3209879747188868,10.558012247085571
3,200,,5,1,0.5,delta,1.3232152330565208,7.365344762802124
7,200,,5,3,1.0,delta,1.324634059146168,5.791058540344238
7,100,6.0,10,3,0.5,delta,1.3254810915559274,1.754483699798584
3,200,6.0,2,5,0.5,delta,1.3258505552941078,8.882750511169434
3,100,6.0,10,1,sqrt,delta,1.3407518606673678,3.7385268211364746
14,200,6.0,5,3,sqrt,delta,1.3447685211376612,6.961251974105835
7,200,3.0,2,5,0.5,delta,1.3456827410851708,8.988659381866455
7,100,3.0,2,1,0.5,delta,1.3483466570374294,1.5393321514129639
14,100,,5,5,1.0,delta,1.357825700172972,2.823810338973999
14,200,3.0,10,1,sqrt,delta,1.3591383133548238,4.238484859466553
14,100,,10,3,1.0,delta,1.3767896742401995,2.1405866146087646
7,100,6.0,2,5,sqrt,delta,1.3799059317626163,2.1348068714141846
14,200,3.0,5,5,sqrt,delta,1.3808639932721831,3.511157751083374
14,100,,10,5,sqrt,delta,1.3818015757568762,1.5892443656921387
14,100,,10,3,sqrt,delta,1.3824747025802542,3.6522216796875
14,100,6.0,10,5,sqrt,delta,1.3825927896205623,3.854689121246338
14,200,3.0,2,5,0.5,delta,1.389099217507542,4.447081089019775
3,200,3.0,2,1,1.0,level,1.8892827402730616,10.11627197265625
7,200,,5,1,0.5,level,2.017697091561316,5.988433837890625
7,100,6.0,2,1,sqrt,level,2.059152607254291,4.203657865524292
7,200,6.0,2,1,sqrt,level,2.0600791212744096,9.981412887573242
7,200,3.0,5,1,0.5,level,2.10703025542574,4.72312331199646
7,200,6.0,5,1,sqrt,level,2.181409829148765,11.391536951065063
3,100,6.0,2,3,1.0,level,2.1959993880255153,2.8879756927490234
3,100,6.0,5,3,1.0,level,2.1959993880255153,4.963688373565674
3,200,3.0,5,3,1.0,level,2.243103008460476,6.213409185409546
3,200,3.0,5,3,0.5,level,2.2490265316992266,4.353715419769287
14,200,,5,3,0.5,level,2.367251645889025,3.9372599124908447
7,100,3.0,5,1,sqrt,level,2.4049600942274525,1.6774513721466064
3,100,6.0,10,1,1.0,level,2.5890710736262577,3.512934684753418
3,200,,10,1,1.0,level,2.633812263918474,5.714348077774048
14,100,6.0,5,3,sqrt,level,2.6936889833781827,3.0337042808532715
3,100,3.0,10,1,sqrt,level,2.7554575525656873,3.8204967975616455
3,200,3.0,10,1,sqrt,level,2.7577237893318167,9.098573446273804
7,200,3.0,10,1,1.0,level,2.761373022131204,9.446555852890015
7,100,3.0,10,3,1.0,level,2.767662701951996,1.910362720489502
7,200,,10,3,1.0,level,2.7981741939249574,6.399755954742432
7,200,6.0,10,1,sqrt,level,2.8428354966028957,5.148353815078735
7,100,,5,5,1.0,level,3.0554412258058283,2.7306630611419678
7,100,6.0,10,5,1.0,level,3.0554412258058283,2.3065764904022217
14,100,,5,5,1.0,level,3.0790974660280135,3.7581369876861572
14,100,6.0,2,5,1.0,level,3.0790974660280135,2.927412271499634
7,200,,2,5,1.0,level,3.090547810842611,5.439766883850098
14,100,,10,3,sqrt,level,3.125847034413045,1.9778480529785156
14,100,3.0,2,5,0.5,level,3.275883064809404,2.2625436782836914
14,100,6.0,5,5,0.5,level,3.288988742363467,3.196772813796997
3,100,3.0,2,5,sqrt,level,3.3891575625908907,3.475515127182007
3,200,6.0,5,5,sqrt,level,3.389445434248254,3.108124017715454
7,200,6.0,10,5,sqrt,level,3.5394807167279034,9.150931358337402
7,200,,10,5,sqrt,level,3.5394807167279034,4.965135097503662
7,100,,10,5,sqrt,level,3.566297306885012,3.786306858062744
7,100,3.0,5,5,sqrt,level,3.587744261814031,5.988003969192505
14,100,3.0,5,5,sqrt,level,3.619748893071857,4.490318775177002
