feature,delta_MAE,desvio,MAE_base
cos_doy,0.033247166409238194,0.017545649878700605,1.3164123985399063
wind_lag0,0.03129151419692013,0.024531509184084158,1.3164123985399063
y_lag11,0.014196028342038725,0.012059923111195353,1.3164123985399063
y_lag4,0.010850400550110263,0.008140112204857228,1.3164123985399063
pres_diff1,0.008444021467130823,0.01007595997741421,1.3164123985399063
y_lag6,0.006082564478955405,0.0038599317727800076,1.3164123985399063
y_lag10,0.003108757232417321,0.006872100286132057,1.3164123985399063
y_lag12,0.001922272690282578,0.0039446766058885115,1.3164123985399063
y_lag13,0.0010495923362054693,0.0017203731741095866,1.3164123985399063
y_lag5,0.0003575662537297641,0.00604031212084324,1.3164123985399063
y_lag2,-0.0002948228413706944,0.0009064673823916103,1.3164123985399063
hum_lag2,-0.0007210786013229331,0.007439007184947673,1.3164123985399063
y_lag7,-0.0015318325022436663,0.0018405223456794855,1.3164123985399063
y_mean7,-0.0018823356331965969,0.002328009828573099,1.3164123985399063
y_lag8,-0.004175449800330093,0.0023247830175530705,1.3164123985399063
y_lag9,-0.006042631458700503,0.0035129113141510976,1.3164123985399063
hum_lag0,-0.006455441082502165,0.0038265812866260696,1.3164123985399063
sin_doy,-0.00717930884172419,0.0035804220369554775,1.3164123985399063
y_diff1,-0.0077297951973119726,0.02974729819841325,1.3164123985399063
y_lag3,-0.00913080066907192,0.0069824387187929,1.3164123985399063
y_std7,-0.009143712373053638,0.014810070650482732,1.3164123985399063
y_lag1,-0.009603557881759818,0.007209047621208475,1.3164123985399063
y_mean3,-0.010851524577838157,0.006283754290689398,1.3164123985399063
pres_lag1,-0.011817925064460989,0.03531258840983421,1.3164123985399063
hum_lag1,-0.018358389000749504,0.01630770222317,1.3164123985399063
y_lag0,-0.019933643745203997,0.013854576474685668,1.3164123985399063
pres_lag2,-0.02050959126096036,0.010768909308747009,1.3164123985399063
pres_lag0,-0.030005876852091308,0.029643141723438293,1.3164123985399063
wind_lag2,-0.0721994867086946,0.022596222558579182,1.3164123985399063
wind_lag1,-0.14060665549770401,0.06333349288164485,1.3164123985399063
