feature,delta_MAE,desvio,MAE_base,impureza_MDI
pres_lag1,0.027401674771911137,0.01862462871448726,1.0456640669578243,0.05659833552347489
wind_lag0,0.024859335899208846,0.015802527422778576,1.0456640669578243,0.028344987173549278
hum_lag1,0.009362611999112196,0.006460521393915634,1.0456640669578243,0.028858054433089347
wind_lag1,0.006875682747837516,0.02605960632874912,1.0456640669578243,0.05975999985938753
wind_lag2,0.005070411359300437,0.006208873044024542,1.0456640669578243,0.026711393550928907
y_lag0,0.003619935878845428,0.003199926449836484,1.0456640669578243,0.034530806970441245
y_mean3,0.0034283991702746784,0.0037502790623892375,1.0456640669578243,0.025526635398008483
sin_doy,0.0029513836928254066,0.0033612328389855833,1.0456640669578243,0.029713139076532846
y_lag2,0.002839356880493624,0.0022268013279527986,1.0456640669578243,0.022531315199486014
hum_lag0,0.002369485038557584,0.007187905195269355,1.0456640669578243,0.020442429554849966
y_lag1,0.0019992511686547565,0.002221913858674258,1.0456640669578243,0.025128055834427135
pres_diff1,0.001868162110359406,0.007843081526630782,1.0456640669578243,0.03751348928270367
pres_lag0,0.0012943971167786318,0.015895079283194828,1.0456640669578243,0.059343257360405396
y_lag9,0.0011699494949496004,0.0012394440266730578,1.0456640669578243,0.026819292299117763
y_lag7,0.0006808004495505604,0.0007354481725882645,1.0456640669578243,0.04954124176114741
y_lag3,0.0001344163975997592,0.0006088987299455601,1.0456640669578243,0.021425236713521256
y_lag11,0.0,0.0,1.0456640669578243,0.02515839259696745
y_lag12,0.0,0.0,1.0456640669578243,0.019179627645008867
y_lag10,0.0,0.0,1.0456640669578243,0.03195696036689535
y_lag8,0.0,0.0,1.0456640669578243,0.03378670645101332
y_lag4,0.0,0.0,1.0456640669578243,0.019617802372707816
y_lag5,0.0,0.0,1.0456640669578243,0.028865542554440782
cos_doy,0.0,0.0,1.0456640669578243,0.0335956917300366
pres_lag2,-0.0001677397242756662,0.0037111392430066933,1.0456640669578243,0.022300205635389474
y_mean7,-0.00025599747474741363,0.00018927662261572693,1.0456640669578243,0.04431840517281205
y_lag13,-0.000528150215397225,0.0008959562752710776,1.0456640669578243,0.046416392035398046
y_lag6,-0.0014446354520546523,0.0012990005613430812,1.0456640669578243,0.025687118703163085
hum_lag2,-0.0048315030104060215,0.0026171355897487794,1.0456640669578243,0.028359932170255606
y_std7,-0.006090366918240919,0.005769137049711564,1.0456640669578243,0.04083331879917109
y_diff1,-0.009677684300020244,0.010998889701279832,1.0456640669578243,0.047136233775669216
