epoca,MAE_treino,MAE_validacao_interna
1,2.487214032936115,1.855943503011536
2,2.374221293457814,1.6918875254805914
3,2.2644520536043,1.5796122051009995
4,2.1615207740201443,1.5086099158251005
5,2.0707901473094372,1.4509932880604082
6,1.9882433064294385,1.4139748029318189
7,1.909087321605064,1.4359298772387408
8,1.8340143200902301,1.4876374416174554
9,1.7632462577337213,1.538167072029817
10,1.703129251320156,1.6063400024633967
11,1.6525729787524548,1.667429863576848
12,1.6064715475640519,1.726032113087564
13,1.563088177235954,1.7825286029212457
14,1.5277135330843419,1.8305503978639466
15,1.4996196321129232,1.8725361536446299
16,1.4758624322851288,1.9072080199415324
17,1.4543418104752246,1.936172032900873
18,1.4355527350731956,1.9604506978027547
19,1.4175845774179525,1.9805887930624506
20,1.4013583324941323,1.9971945929474646
21,1.3868590960886928,2.010740434120264
22,1.3737741515255195,2.0218474064560645
23,1.3613937326413876,2.0299189603604195
24,1.3503901250953247,2.034751620088758
25,1.3403078548650051,2.0364348219055683
26,1.3307552610695617,2.034478826299481
27,1.321746971679973,2.027918766834213
28,1.3132820831156269,2.017390762935216
29,1.305991318766134,2.0036769642912913
30,1.2991101203291633,1.9899552971952306
31,1.2923187502488513,1.9757699375912243
32,1.2858440574064378,1.9618624400759064
33,1.2797986347400683,1.9491793353183497
34,1.273827154517915,1.9372290829857584
35,1.268124332801599,1.9270504510122652
36,1.2623664548571973,1.9195543737833298
37,1.2566599907100797,1.9153025038823337
38,1.2510765998275302,1.911903398502772
39,1.245551313010546,1.908297045102033
40,1.2401516858556507,1.904050866252756
41,1.2351285933332372,1.9003232407251585
42,1.2303285539921265,1.8950336592112753
43,1.225794777042047,1.8878830246108056
44,1.2214872416155726,1.8792825628214405
45,1.217279067507588,1.8699065548133114
46,1.213098482839341,1.860614544122511
47,1.2090662568224937,1.8528591115568436
48,1.205001942977015,1.8478181424041409
49,1.2011887693877203,1.8427146399987773
50,1.1976107486772865,1.8378631580451903
51,1.1940283443416921,1.8335709307495136
52,1.1906616641766343,1.8307892375814336
53,1.1873867770707673,1.8294810539690578
54,1.1841956263308395,1.828771055584895
55,1.1810510477373872,1.8282509990934754
56,1.178180325650822,1.8276599273020044
57,1.175538159316527,1.8254986348083222
58,1.1730723970163792,1.8225143268567703
59,1.170636509340738,1.818834456559778
60,1.1682890632956588,1.8143891465774609
61,1.1660855404524897,1.808742521750613
62,1.1640233734139949,1.8017651194008264
63,1.1619777749407922,1.7949349780891866
64,1.1597811681764925,1.789208183733941
65,1.1576084973535632,1.7841855993549434
66,1.1554991620706727,1.7812839469522337
67,1.1533159885982083,1.7799483719574014
68,1.1511809489422054,1.779091216664178
69,1.1491235956468553,1.7778870813570387
70,1.146929824407588,1.7775265862592728
71,1.1447588978874124,1.7774481176218089
72,1.1427105517105476,1.777104932852201
73,1.1408027230760442,1.7758372515793002
74,1.1389608784805825,1.7744503753536602
75,1.1371430916568261,1.773335678195945
76,1.1353555777363975,1.7724744775186547
77,1.1335261201952571,1.7722039294680605
78,1.1318257821785993,1.772102790556161
79,1.130274634149381,1.7707151394385412
80,1.128788508320179,1.7686759418945062
81,1.1274018116468365,1.7672715519024964
82,1.126068080393006,1.7668373408635307
83,1.1248210422881888,1.7669229149605117
84,1.1235194804283068,1.7664390878615115
85,1.1223047060373814,1.7661260947621342
86,1.121204942168914,1.7660532097648975
87,1.120123719014184,1.7653696720335539
88,1.1191261414160234,1.7630487853167616
89,1.1183101513660199,1.7595792844319142
90,1.1173790446296197,1.7573582324881016
91,1.116330286599867,1.7566921870979353
92,1.1152285971347915,1.7561682095392974
93,1.114149669754247,1.7544383261898162
94,1.1133847017250749,1.7525040199071464
95,1.1126581313639492,1.7507574569910116
96,1.1119271739382346,1.7497473069916336
97,1.1111753490974863,1.7489037829629928
98,1.1104514609029814,1.7476834928449037
99,1.1097287954381037,1.7463294531460292
100,1.1090565959076324,1.7444765322087339
101,1.1084002131543769,1.7431497838056644
102,1.1077396275107358,1.7425001827022093
103,1.107184013198215,1.7419658688266335
104,1.1067756775852111,1.7414220348375178
105,1.1063195003445696,1.7411347783250364
106,1.1058901695886865,1.7408592546777524
107,1.1055784666603867,1.7405401918571397
108,1.1055589228881675,1.7393770231492642
109,1.1056467573957365,1.73654282538409
110,1.1058496813067382,1.7337297808255
111,1.106041059744183,1.7308242177661801
112,1.106208902977865,1.7279350677130734
113,1.1063380057853658,1.7252929565663564
114,1.1065601418208835,1.722489283896508
115,1.1069211730515014,1.718868744746043
116,1.107309545572316,1.7151171274193806
117,1.107858746403534,1.7112495238127765
118,1.1082017340339592,1.7085719150374512
119,1.1083246064053605,1.7076514466010029
120,1.1084823513918658,1.7066688664004797
121,1.1087460219855503,1.7046467318114118
122,1.109049840327315,1.701829258052926
123,1.109330036461618,1.6990430946863841
124,1.1095132949467956,1.697170702295264
125,1.1096928714307313,1.6954339507183451
126,1.1100511430084945,1.6930039083737174
127,1.1104321135172583,1.6897043505881417
128,1.1107774235016588,1.6865945379528886
129,1.1110790724337765,1.684151549313336
130,1.1114170753599621,1.6818188445875426
131,1.1118292234045835,1.6786870177344801
132,1.1122512891894134,1.6752382084975996
133,1.112682959011648,1.671946578831012
134,1.1129942139872286,1.6696936332867842
135,1.1132573016696279,1.6682685182820693
136,1.1135045839731252,1.667070982309369
137,1.113635198648086,1.6657501779688846
138,1.1137818521802187,1.6637196883237955
139,1.1140431199634986,1.6611967289727654
140,1.1142643626700508,1.6594153015522524
141,1.1144529360770845,1.6584872995853515
142,1.1147529724088594,1.657421657694293
143,1.1150802115716598,1.6557486676188362
144,1.115331137432288,1.6536952084824335
145,1.1154853107753508,1.652824811116101
146,1.115701115090891,1.6519057645700148
147,1.1159452775184038,1.6514012228866721
148,1.11621941024468,1.6512739713213123
149,1.1164120180795898,1.6513837623415615
150,1.116607317031077,1.6505368094853823
151,1.1169052139887972,1.6485972324479419
152,1.117271323457754,1.6467207721272479
153,1.117550985030421,1.6464865571236937
154,1.1177851768207652,1.646544458841723
155,1.1180422750107968,1.6449140911472266
156,1.1183370785712006,1.6429922990859445
157,1.1186040343386936,1.6424207137815217
158,1.1188851127425168,1.6426824625774348
159,1.1191325823395886,1.642949988293392
160,1.1194750338502581,1.6413786135057233
161,1.1198192622329997,1.6395851483562935
162,1.120142123091272,1.6376655538114508
163,1.1203957831445106,1.6360788983512766
164,1.120750963879428,1.633767936724569
165,1.121196253732144,1.630665711001053
166,1.1216128710271223,1.6278329930652518
167,1.1219077504736732,1.6258726190433588
168,1.1221882823617575,1.6242687467565573
169,1.1225832033263485,1.6214657319828234
170,1.1228173681756508,1.6189704559154208
171,1.1229016030802788,1.6176844009747737
172,1.1229448725351534,1.61702170160097
173,1.123220194728756,1.6159809148287534
174,1.1235805619866415,1.6144241346155084
175,1.1238824606845383,1.6131520545147526
176,1.1242643626125037,1.6113583472428312
177,1.1247296037118613,1.6090120094745817
178,1.125281731615189,1.6060550314248156
179,1.1258639723468815,1.6033267536105085
180,1.1263433190462193,1.6013059138633128
181,1.126823833020198,1.5994289684618672
182,1.1273635562292799,1.5972085146654478
183,1.1278932301169622,1.5945837778528813
184,1.1284311108418303,1.59230607420982
185,1.1288736821077412,1.5905960439782239
186,1.1292886117796854,1.5894778251990667
187,1.1296347416232182,1.589061475802808
188,1.129938330405574,1.5885280878820047
189,1.130265565442199,1.5880725466650651
190,1.130574696059817,1.5881517331576287
191,1.13088480791285,1.5881504937184605
192,1.1312414874385586,1.5869967389533903
193,1.1317059830922367,1.5847205237145037
194,1.1322609208398724,1.5820696926760534
195,1.1327269531857107,1.5804474168379858
196,1.1330606533237786,1.5799381447024907
197,1.1334484629496908,1.5784587198222866
198,1.1338898526979504,1.5765552678693875
199,1.134250565560491,1.575224842303212
200,1.1345363640880715,1.5744962703788057
201,1.1347773310635856,1.5744559118439991
202,1.135134146487013,1.574242926200905
203,1.1355973192310267,1.572823765565754
204,1.1360276637739888,1.571273720348088
205,1.1363563495496627,1.5704827668644945
206,1.136618963137823,1.5703660907627643
207,1.136833835493455,1.5712262115739084
208,1.1370580193106747,1.5722835988388657
209,1.1373467213938597,1.572723847453249
210,1.13769223993314,1.5725745969411444
211,1.138084623389689,1.571871670693071
212,1.1384869893346086,1.571737266602834
213,1.138852774322375,1.5722436504146555
214,1.1392639811540743,1.5716141563920274
215,1.1397608877685297,1.5705395749484474
216,1.1402718166249743,1.570052638558278
217,1.1407403441350772,1.5703814455021778
218,1.1412235153413266,1.569583253097994
219,1.1416927985997285,1.567893949251341
220,1.1421593664610592,1.5668037419400094
221,1.1425660684854262,1.5669897548282063
222,1.142891559604012,1.5676470299104561
223,1.1432251810896905,1.568365310860266
224,1.143625241930816,1.568300852672033
225,1.1441331968014836,1.5673059776173968
226,1.1446772401539902,1.5657212699747682
227,1.1451029004793876,1.5646639431457208
228,1.1454470654863393,1.56414921905083
229,1.145825694934702,1.5636661205392224
230,1.1462528769945484,1.5629536440487186
231,1.1467040406296438,1.5620032687785539
232,1.1470388864678673,1.5611227959699125
233,1.14732935706546,1.560301036350598
234,1.147720744080444,1.5585821088050322
235,1.1480984593633567,1.5570730523136687
236,1.1484027819141094,1.5561478091147414
237,1.1487069673724477,1.555620700240324
238,1.149018040900536,1.553702173873987
239,1.1492977535749282,1.55046066285046
240,1.1495484207742592,1.5488635577463001
241,1.1498854732267976,1.5477989041653621
242,1.1501949060105545,1.5470423281726369
243,1.1503979240130344,1.5471152669870636
244,1.1506446320914012,1.5472287257523416
245,1.1510848116682333,1.5464871976608507
246,1.151458996248249,1.5459198575503057
247,1.1517235800502572,1.5458917589066452
248,1.1518913935175226,1.5469299372771896
249,1.152231638778518,1.5464334933258357
250,1.1527423355953217,1.5449439396866391
251,1.1530355606723401,1.5436360267387375
252,1.153299135048831,1.5427498924901175
253,1.1536522063201338,1.5420656792442027
254,1.1541344899391368,1.5405282366195527
255,1.15456575331301,1.5385718862901652
256,1.1549100810339317,1.5374016137083761
257,1.155276222498081,1.5360759551191665
258,1.155634518370689,1.5348849846789414
259,1.155983163831853,1.5339452020477913
260,1.1562646018406935,1.5338578040508337
261,1.1565302951391867,1.534208846419462
262,1.1568290377084633,1.5337864491863447
263,1.1572331111111365,1.5312498212753098
264,1.1576261469603395,1.5294566863846217
265,1.1578678814376548,1.530097915517916
266,1.1579734907160675,1.5312989289646082
267,1.158086402784143,1.5326655759171923
268,1.1582080449296497,1.5335533183687176
269,1.1582862181630236,1.534525385439353
270,1.1583121110537205,1.5357211936526276
271,1.1582377221893738,1.5367729987987109
272,1.1582113323220744,1.5373107659839598
273,1.1583165765110168,1.5372389280144643
274,1.15856297379437,1.5366604111208602
275,1.1588392719908294,1.5358905322370668
276,1.1588673661095734,1.5362615580707197
277,1.158720711299925,1.5377795345774068
278,1.1586852673279633,1.5391464967901445
279,1.1588124317491186,1.5388003700875006
280,1.1589545934112864,1.5384876696103709
281,1.1591093469922606,1.5374069438681672
282,1.1592032456034844,1.5373335772051682
283,1.1594154321292964,1.53667625179361
284,1.1596342802918802,1.5352554501790476
285,1.1597228156818304,1.5354998454138198
286,1.1597430157917152,1.537586936889108
287,1.1598708131782414,1.538548000538648
288,1.1600499113905047,1.5388177515015682
289,1.1603532651764532,1.537759390602153
290,1.160512262789505,1.5377836663177074
291,1.1605273332718928,1.5386913123008583
292,1.1606229570655446,1.5395880469163672
293,1.160747927032968,1.5395667982774188
294,1.1609666637461287,1.539218904973744
295,1.161302907434612,1.5380471130979476
296,1.1617397836191272,1.536693230342818
297,1.1619568404346952,1.536477829397143
298,1.1621209415344282,1.5365409615247605
299,1.1621996928706064,1.537974570066265
300,1.162371222047553,1.5386058002804373
