data,real,Persistência (ref.),Sazonal ingênuo m=7 (ref.),Média móvel 7d (ref.),Holt-Winters,SARIMAX,Random Forest,MLP Regressor
2017-04-03,30.5,29.75,29.5,30.20351473922903,30.214910107422615,30.259474090241433,29.5320817600994,29.451245691334567
2017-04-04,30.933333333333334,30.5,29.88888888888889,30.34637188208617,30.754676307312696,31.21621846405139,30.696265760954184,30.29039540989246
2017-04-05,29.23076923076923,30.933333333333334,31.0,30.495578231292516,31.202653993245747,30.848082396722667,30.593665434680737,30.50415845100912
2017-04-06,31.22222222222222,29.23076923076923,29.285714285714285,30.242830978545264,29.673811350736806,30.290589760365854,29.219526760545833,29.87179018644226
2017-04-07,27.0,31.22222222222222,30.625,30.51947496947497,31.328310185185885,30.949788089779393,31.22066498073727,31.391783220479216
2017-04-08,25.625,27.0,31.375,30.001617826617828,27.730378858112662,28.99798179633285,27.06157754517573,28.040790763209195
2017-04-09,27.125,25.625,29.75,29.180189255189255,25.95480869776125,25.942209136335126,24.906165522784075,25.276189983120762
2017-04-10,27.857142857142858,27.125,30.5,28.805189255189255,27.14730447224727,26.175966526014886,26.69886993942849,27.13896601881233
2017-04-11,29.25,27.857142857142858,30.933333333333334,28.42763823478109,27.95065860029658,27.390747183347905,27.995406625304856,28.46140069865411
2017-04-12,29.25,29.25,29.23076923076923,28.1871620443049,29.317556099145197,29.59545119489389,28.903334583513654,29.96511060220911
2017-04-13,29.666666666666668,29.25,31.22222222222222,28.18990929705215,29.460601035599918,30.318505094868247,29.052284833752097,29.58094820960318
2017-04-14,30.5,29.666666666666668,27.0,27.967687074829932,29.853156745385864,30.530027767130576,29.948541025800914,30.096081842255167
2017-04-15,31.22222222222222,30.5,25.625,28.467687074829932,30.655398645168482,31.729166570391584,30.693348843286405,30.62636379612521
2017-04-16,31.0,31.22222222222222,27.125,29.267290249433106,31.400123408490252,30.806066346446585,30.243597870028783,30.026550032973393
2017-04-17,32.55555555555556,31.0,27.857142857142858,29.820861678004537,31.27003338648815,31.93813052323835,30.655599629507048,30.802975281751014
2017-04-18,34.0,32.55555555555556,29.25,30.492063492063494,32.675804593530756,32.93805537878565,32.24951303706808,31.977984057111875
2017-04-19,33.5,34.0,29.25,31.17063492063492,34.15275153308733,33.379503499318886,33.84094609306565,34.07347052458505
2017-04-20,34.5,33.5,29.666666666666668,31.77777777777778,33.8395869639411,33.378671658762094,33.078716120668005,33.42506756296993
2017-04-21,34.25,34.5,30.5,32.46825396825397,34.717017802096215,35.25965656153114,34.276206034066384,34.33222220339603
2017-04-22,32.9,34.25,31.22222222222222,33.00396825396825,34.575605244601604,35.171467714892415,34.487949272509525,33.70156075448585
2017-04-23,32.875,32.9,31.0,33.243650793650794,33.31405586047037,33.32544414293358,31.782669883502553,32.33601871148181
2017-04-24,32.0,32.875,32.55555555555556,33.51150793650793,33.14957252465542,32.72278843792341,31.98661066584531,32.19030588107462
