seed_0,seed_1,seed_2,seed_3,seed_4,data,real
29.406560043385056,29.3965404125766,29.551896465146008,29.489877969377673,29.41135356618748,2017-04-03,30.5
30.2415774516594,30.326069585936335,30.312432787046724,30.250513821131662,30.321383403688188,2017-04-04,30.933333333333334
30.483271236266503,30.490038505562744,30.63447280217006,30.448408157317658,30.464601553728627,2017-04-05,29.23076923076923
29.658830956350037,29.86160506961957,29.94093583930894,30.048601818546743,29.848977248386024,2017-04-06,31.22222222222222
31.46661847220339,31.452177793276533,31.288160971935422,31.39126829219502,31.36069057278569,2017-04-07,27.0
28.086661473978207,28.218762598940057,28.01423755222854,27.923554575467904,27.960737615431263,2017-04-08,25.625
25.46454676587139,25.325991172007637,25.07552261898508,25.17259546675917,25.342293891980532,2017-04-09,27.125
27.07776438074862,27.296168243741782,27.144688568615297,27.06698842624313,27.109220474712803,2017-04-10,27.857142857142858
28.21683881603696,28.61873204541081,28.48545413408431,28.49501317639152,28.49096532134692,2017-04-11,29.25
29.677621956864904,30.07511488451648,29.943033542804493,30.041189311558515,30.08859331530115,2017-04-12,29.25
29.71675686200347,29.592367331588147,29.377376622498144,29.61839135420928,29.59984887771686,2017-04-13,29.666666666666668
30.1202848300364,30.20437790448222,30.029262873074682,30.047521065178152,30.07896253850435,2017-04-14,30.5
30.43538458651738,30.59726851869146,30.607309317748275,30.57353535119819,30.91832120647075,2017-04-15,31.22222222222222
29.962344036910263,30.007106007964822,30.157219121245866,29.989302770920833,30.016778227825167,2017-04-16,31.0
30.77034575291773,30.786583324864893,30.847459634695362,30.791327723638705,30.819159972638392,2017-04-17,32.55555555555556
32.12221561843062,31.952068653886165,31.97037873665266,31.889577210951046,31.95568006563888,2017-04-18,34.0
34.14118699410119,34.058939945008575,34.06329027680677,34.06259860185196,34.04133680515672,2017-04-19,33.5
33.44633040320309,33.5322160972238,33.363333444987646,33.41962609012663,33.36383177930848,2017-04-20,34.5
34.23139881458977,34.484360906031775,34.32608676467746,34.23573085453986,34.38353367714128,2017-04-21,34.25
33.65761693644712,33.72943891171331,33.77466027569409,33.7230784723456,33.62300917622911,2017-04-22,32.9
32.37398944167108,32.316809150495835,32.35096323226652,32.349196280624994,32.28913545235064,2017-04-23,32.875
32.20536826692945,32.19874019926116,32.120652271337214,32.24077845477941,32.18599021306587,2017-04-24,32.0
